{
	"parent": "item/handheld",
	"textures": {
		"layer0": "item/carrot_on_a_stick"
	},
	"overrides": [
		{ "predicate": { "custom_model_data": 10870000 }, "model": "north_compass:compass_00"},
		{ "predicate": { "custom_model_data": 10870001 }, "model": "north_compass:compass_01"},
		{ "predicate": { "custom_model_data": 10870002 }, "model": "north_compass:compass_02"},
		{ "predicate": { "custom_model_data": 10870003 }, "model": "north_compass:compass_03"},
		{ "predicate": { "custom_model_data": 10870004 }, "model": "north_compass:compass_04"},
		{ "predicate": { "custom_model_data": 10870005 }, "model": "north_compass:compass_05"},
		{ "predicate": { "custom_model_data": 10870006 }, "model": "north_compass:compass_06"},
		{ "predicate": { "custom_model_data": 10870007 }, "model": "north_compass:compass_07"},
		{ "predicate": { "custom_model_data": 10870008 }, "model": "north_compass:compass_08"},
		{ "predicate": { "custom_model_data": 10870009 }, "model": "north_compass:compass_09"},
		{ "predicate": { "custom_model_data": 10870010 }, "model": "north_compass:compass_10"},
		{ "predicate": { "custom_model_data": 10870011 }, "model": "north_compass:compass_11"},
		{ "predicate": { "custom_model_data": 10870012 }, "model": "north_compass:compass_12"},
		{ "predicate": { "custom_model_data": 10870013 }, "model": "north_compass:compass_13"},
		{ "predicate": { "custom_model_data": 10870014 }, "model": "north_compass:compass_14"},
		{ "predicate": { "custom_model_data": 10870015 }, "model": "north_compass:compass_15"},
		{ "predicate": { "custom_model_data": 10870016 }, "model": "north_compass:compass_16"},
		{ "predicate": { "custom_model_data": 10870017 }, "model": "north_compass:compass_17"},
		{ "predicate": { "custom_model_data": 10870018 }, "model": "north_compass:compass_18"},
		{ "predicate": { "custom_model_data": 10870019 }, "model": "north_compass:compass_19"},
		{ "predicate": { "custom_model_data": 10870020 }, "model": "north_compass:compass_20"},
		{ "predicate": { "custom_model_data": 10870021 }, "model": "north_compass:compass_21"},
		{ "predicate": { "custom_model_data": 10870022 }, "model": "north_compass:compass_22"},
		{ "predicate": { "custom_model_data": 10870023 }, "model": "north_compass:compass_23"},
		{ "predicate": { "custom_model_data": 10870024 }, "model": "north_compass:compass_24"},
		{ "predicate": { "custom_model_data": 10870025 }, "model": "north_compass:compass_25"},
		{ "predicate": { "custom_model_data": 10870026 }, "model": "north_compass:compass_26"},
		{ "predicate": { "custom_model_data": 10870027 }, "model": "north_compass:compass_27"},
		{ "predicate": { "custom_model_data": 10870028 }, "model": "north_compass:compass_28"},
		{ "predicate": { "custom_model_data": 10870029 }, "model": "north_compass:compass_29"},
		{ "predicate": { "custom_model_data": 10870030 }, "model": "north_compass:compass_30"},
		{ "predicate": { "custom_model_data": 10870031 }, "model": "north_compass:compass_31"}
	]
}