{
	"parent": "item/handheld",
	"textures": {
		"layer0": "item/stone_sword"
	},
	"overrides": [
		{ "predicate": { "damaged": 0,"damage": 0.000 }, "model": "item/stone_sword"},
		
		{ "predicate": { "damaged": 0,"damage": 0.137 }, "model": "tpp:image/spring_couplets1"},
		{ "predicate": { "damaged": 0,"damage": 0.145 }, "model": "tpp:image/spring_couplets2"},
		{ "predicate": { "damaged": 0,"damage": 0.152 }, "model": "tpp:image/spring_couplets3"},
		{ "predicate": { "damaged": 0,"damage": 0.160 }, "model": "tpp:image/spring_couplets4"},
		{ "predicate": { "damaged": 0,"damage": 0.167 }, "model": "tpp:image/spring_couplets5"},
		{ "predicate": { "damaged": 0,"damage": 0.175 }, "model": "tpp:image/spring_couplets6"},
		{ "predicate": { "damaged": 0,"damage": 0.183 }, "model": "tpp:image/spring_couplets7"},
		{ "predicate": { "damaged": 0,"damage": 0.190 }, "model": "tpp:image/spring_couplets8"},
		{ "predicate": { "damaged": 0,"damage": 0.198 }, "model": "tpp:image/spring_couplets9"},
		{ "predicate": { "damaged": 0,"damage": 0.206 }, "model": "tpp:image/spring_couplets10"},
		{ "predicate": { "damaged": 0,"damage": 0.213 }, "model": "tpp:image/spring_couplets11"},
		{ "predicate": { "damaged": 0,"damage": 0.221 }, "model": "tpp:image/spring_couplets12"},
		{ "predicate": { "damaged": 0,"damage": 0.229 }, "model": "tpp:image/spring_couplets13"},
		{ "predicate": { "damaged": 0,"damage": 0.236 }, "model": "tpp:image/spring_couplets14"},
		{ "predicate": { "damaged": 0,"damage": 0.244 }, "model": "tpp:image/spring_couplets15"},
		{ "predicate": { "damaged": 0,"damage": 0.251 }, "model": "tpp:image/spring_couplets16"},
		{ "predicate": { "damaged": 0,"damage": 0.259 }, "model": "tpp:image/scroll1"},
		{ "predicate": { "damaged": 0,"damage": 0.267 }, "model": "tpp:image/scroll2"},
		{ "predicate": { "damaged": 0,"damage": 0.274 }, "model": "tpp:image/scroll3"},
		{ "predicate": { "damaged": 0,"damage": 0.282 }, "model": "tpp:image/scroll4"},
		{ "predicate": { "damaged": 0,"damage": 0.290 }, "model": "tpp:image/scroll5"},
		{ "predicate": { "damaged": 0,"damage": 0.297 }, "model": "tpp:image/scroll6"},
		{ "predicate": { "damaged": 0,"damage": 0.305 }, "model": "tpp:image/scroll7"},
		{ "predicate": { "damaged": 0,"damage": 0.312 }, "model": "tpp:image/scroll8"},
		{ "predicate": { "damaged": 0,"damage": 0.320 }, "model": "tpp:image/spring"},
		{ "predicate": { "damaged": 0,"damage": 0.328 }, "model": "tpp:image/happiness"},
		{ "predicate": { "damaged": 0,"damage": 0.335 }, "model": "tpp:image/harvest"},
		{ "predicate": { "damaged": 0,"damage": 0.343 }, "model": "tpp:image/prosperous"},
		{ "predicate": { "damaged": 0,"damage": 0.348 }, "model": "tpp:image/tcp_logo"},
		
		{ "predicate": { "damaged": 1,"damage": 0 }, "model": "item/stone_sword"}

	]
}