{   "parent": "block/block",
    "textures": {
        "particle": "#side"
    },
    "elements": [
        {   "from": [ 0, 0, 0 ],
            "to": [ 16, 8, 16 ],
            "faces": {
                "down":  { "uv": [ 0, 0, 16, 16 ], "texture": "#bottom", "cullface": "down" },
                "up":    { "uv": [ 0, 0, 16, 16 ], "texture": "#top" },
                "north": { "uv": [ 0, 8, 16, 16 ], "texture": "#side", "cullface": "north" },
                "south": { "uv": [ 0, 8, 16, 16 ], "texture": "#side", "cullface": "south" },
                "west":  { "uv": [ 0, 8, 16, 16 ], "texture": "#side", "cullface": "west" },
                "east":  { "uv": [ 0, 8, 16, 16 ], "texture": "#side", "cullface": "east" }
            }
        }
    ],
    "display": {
        "thirdperson_lefthand": {
            "rotation": [ 90, 180, 0 ],
            "translation": [ -6, -2, -12 ],
            "scale": [ 2, 2, 2 ]
        }
    }
}
