{
	"pools": [
		{
			"rolls": 1,
			"entries": [
				{
					"type": "minecraft:item",
					"name": "minecraft:stone",
					"functions": [
						{
							"function": "set_attributes",
							"modifiers": [
								{
									"slot": "mainhand",
									"name": "random_attack_damage",
									"attribute": "generic.attack_damage",
									"operation": "addition",
									"amount": {
										"min": -40,
										"max": 40
									}
								}
							]
						},
						{
							"function": "set_attributes",
							"modifiers": [
								{
									"slot": "offhand",
									"name": "random_attack_damage",
									"attribute": "generic.attack_damage",
									"operation": "addition",
									"amount": {
										"min": -40,
										"max": 40
									}
								}
							]
						}
					]
				}
			]
		}
	]
}