{
	"pools": [
		{
			"rolls": 1,
			"entries": [
				{
					"type": "minecraft:alternatives",
					"children": [
						{
							"conditions": [
								{
									"condition": "minecraft:location_check",
									"predicate": {
										"block": {
											"nbt": "{Items:[{Slot:3b,tag:{id:\"mvp:haste_foot\"}}]}"
										}
									}
								}
							],
							"type": "minecraft:loot_table",
							"name": "mvp:lingering_potion/haste"
						},
						{
							"conditions": [
								{
									"condition": "minecraft:location_check",
									"predicate": {
										"block": {
											"nbt": "{Items:[{Slot:3b,tag:{id:\"mvp:mining_fatigue_foot\"}}]}"
										}
									}
								}
							],
							"type": "minecraft:loot_table",
							"name": "mvp:lingering_potion/mining_fatigue"
						},
						{
							"conditions": [
								{
									"condition": "minecraft:location_check",
									"predicate": {
										"block": {
											"nbt": "{Items:[{Slot:3b,tag:{id:\"mvp:nausea_foot\"}}]}"
										}
									}
								}
							],
							"type": "minecraft:loot_table",
							"name": "mvp:lingering_potion/nausea"
						},
						{
							"conditions": [
								{
									"condition": "minecraft:location_check",
									"predicate": {
										"block": {
											"nbt": "{Items:[{Slot:3b,tag:{id:\"mvp:resistance_foot\"}}]}"
										}
									}
								}
							],
							"type": "minecraft:loot_table",
							"name": "mvp:lingering_potion/resistance"
						},
						{
							"conditions": [
								{
									"condition": "minecraft:location_check",
									"predicate": {
										"block": {
											"nbt": "{Items:[{Slot:3b,tag:{id:\"mvp:blindness_foot\"}}]}"
										}
									}
								}
							],
							"type": "minecraft:loot_table",
							"name": "mvp:lingering_potion/blindness"
						},
						{
							"conditions": [
								{
									"condition": "minecraft:location_check",
									"predicate": {
										"block": {
											"nbt": "{Items:[{Slot:3b,tag:{id:\"mvp:hunger_foot\"}}]}"
										}
									}
								}
							],
							"type": "minecraft:loot_table",
							"name": "mvp:lingering_potion/hunger"
						},
						{
							"conditions": [
								{
									"condition": "minecraft:location_check",
									"predicate": {
										"block": {
											"nbt": "{Items:[{Slot:3b,tag:{id:\"mvp:wither_foot\"}}]}"
										}
									}
								}
							],
							"type": "minecraft:loot_table",
							"name": "mvp:lingering_potion/wither"
						},
						{
							"conditions": [
								{
									"condition": "minecraft:location_check",
									"predicate": {
										"block": {
											"nbt": "{Items:[{Slot:3b,tag:{id:\"mvp:absorption_foot\"}}]}"
										}
									}
								}
							],
							"type": "minecraft:loot_table",
							"name": "mvp:lingering_potion/absorption"
						},
						{
							"conditions": [
								{
									"condition": "minecraft:location_check",
									"predicate": {
										"block": {
											"nbt": "{Items:[{Slot:3b,tag:{id:\"mvp:glowing_foot\"}}]}"
										}
									}
								}
							],
							"type": "minecraft:loot_table",
							"name": "mvp:lingering_potion/glowing"
						},
						{
							"conditions": [
								{
									"condition": "minecraft:location_check",
									"predicate": {
										"block": {
											"nbt": "{Items:[{Slot:3b,tag:{id:\"mvp:levitation_foot\"}}]}"
										}
									}
								}
							],
							"type": "minecraft:loot_table",
							"name": "mvp:lingering_potion/levitation"
						},
						{
							"conditions": [
								{
									"condition": "minecraft:location_check",
									"predicate": {
										"block": {
											"nbt": "{Items:[{Slot:3b,tag:{id:\"mvp:luck_foot\"}}]}"
										}
									}
								}
							],
							"type": "minecraft:loot_table",
							"name": "mvp:lingering_potion/luck"
						},
						{
							"conditions": [
								{
									"condition": "minecraft:location_check",
									"predicate": {
										"block": {
											"nbt": "{Items:[{Slot:3b,tag:{id:\"mvp:unluck_foot\"}}]}"
										}
									}
								}
							],
							"type": "minecraft:loot_table",
							"name": "mvp:lingering_potion/unluck"
						},
						{
							"conditions": [
								{
									"condition": "minecraft:location_check",
									"predicate": {
										"block": {
											"nbt": "{Items:[{Slot:3b,tag:{id:\"mvp:conduit_power_foot\"}}]}"
										}
									}
								}
							],
							"type": "minecraft:loot_table",
							"name": "mvp:lingering_potion/conduit_power"
						},
						{
							"conditions": [
								{
									"condition": "minecraft:location_check",
									"predicate": {
										"block": {
											"nbt": "{Items:[{Slot:3b,tag:{id:\"mvp:dolphins_grace_foot\"}}]}"
										}
									}
								}
							],
							"type": "minecraft:loot_table",
							"name": "mvp:lingering_potion/dolphins_grace"
						},
						{
							"conditions": [
								{
									"condition": "minecraft:location_check",
									"predicate": {
										"block": {
											"nbt": "{Items:[{Slot:3b,tag:{id:\"mvp:bad_omen_foot\"}}]}"
										}
									}
								}
							],
							"type": "minecraft:loot_table",
							"name": "mvp:lingering_potion/bad_omen"
						},
						{
							"conditions": [
								{
									"condition": "minecraft:location_check",
									"predicate": {
										"block": {
											"nbt": "{Items:[{Slot:3b,tag:{id:\"mvp:hero_of_the_village_foot\"}}]}"
										}
									}
								}
							],
							"type": "minecraft:loot_table",
							"name": "mvp:lingering_potion/hero_of_the_village"
						}
					]
				}
			]
		}
	]
}
