{
	"pools": [
		{
			"rolls": 1,
			"entries": [
				{
					"type": "minecraft:alternatives",
					"children": [
						{
							"conditions": [
								{
									"condition": "minecraft:location_check",
									"predicate": {
										"block": {
											"nbt": "{Items:[{Slot:0b,id:\"minecraft:gold_ingot\"}]}"
										}
									}
								}
							],
							"type": "minecraft:loot_table",
							"name": "mvp:foot/haste"
						},
						{
							"conditions": [
								{
									"condition": "minecraft:location_check",
									"predicate": {
										"block": {
											"nbt": "{Items:[{Slot:0b,id:\"minecraft:prismarine_shard\"}]}"
										}
									}
								}
							],
							"type": "minecraft:loot_table",
							"name": "mvp:foot/mining_fatigue"
						},
						{
							"conditions": [
								{
									"condition": "minecraft:location_check",
									"predicate": {
										"block": {
											"nbt": "{Items:[{Slot:0b,id:\"minecraft:pufferfish\"}]}"
										}
									}
								}
							],
							"type": "minecraft:loot_table",
							"name": "mvp:foot/nausea"
						},
						{
							"conditions": [
								{
									"condition": "minecraft:location_check",
									"predicate": {
										"block": {
											"nbt": "{Items:[{Slot:0b,id:\"minecraft:diamond\"}]}"
										}
									}
								}
							],
							"type": "minecraft:loot_table",
							"name": "mvp:foot/resistance"
						},
						{
							"conditions": [
								{
									"condition": "minecraft:location_check",
									"predicate": {
										"block": {
											"nbt": "{Items:[{Slot:0b,id:\"minecraft:gunpowder\"}]}"
										}
									}
								}
							],
							"type": "minecraft:loot_table",
							"name": "mvp:foot/blindness"
						},
						{
							"conditions": [
								{
									"condition": "minecraft:location_check",
									"predicate": {
										"block": {
											"nbt": "{Items:[{Slot:0b,id:\"minecraft:rotten_flesh\"}]}"
										}
									}
								}
							],
							"type": "minecraft:loot_table",
							"name": "mvp:foot/hunger"
						},
						{
							"conditions": [
								{
									"condition": "minecraft:location_check",
									"predicate": {
										"block": {
											"nbt": "{Items:[{Slot:0b,id:\"minecraft:wither_rose\"}]}"
										}
									}
								}
							],
							"type": "minecraft:loot_table",
							"name": "mvp:foot/wither"
						},
						{
							"conditions": [
								{
									"condition": "minecraft:location_check",
									"predicate": {
										"block": {
											"nbt": "{Items:[{Slot:0b,id:\"minecraft:golden_apple\"}]}"
										}
									}
								}
							],
							"type": "minecraft:loot_table",
							"name": "mvp:foot/absorption"
						},
						{
							"conditions": [
								{
									"condition": "minecraft:location_check",
									"predicate": {
										"block": {
											"nbt": "{Items:[{Slot:0b,id:\"minecraft:glowstone_dust\"}]}"
										}
									}
								}
							],
							"type": "minecraft:loot_table",
							"name": "mvp:foot/glowing"
						},
						{
							"conditions": [
								{
									"condition": "minecraft:location_check",
									"predicate": {
										"block": {
											"nbt": "{Items:[{Slot:0b,id:\"minecraft:shulker_shell\"}]}"
										}
									}
								}
							],
							"type": "minecraft:loot_table",
							"name": "mvp:foot/levitation"
						},
						{
							"conditions": [
								{
									"condition": "minecraft:location_check",
									"predicate": {
										"block": {
											"nbt": "{Items:[{Slot:0b,id:\"minecraft:oxeye_daisy\"}]}"
										}
									}
								}
							],
							"type": "minecraft:loot_table",
							"name": "mvp:foot/luck"
						},
						{
							"conditions": [
								{
									"condition": "minecraft:location_check",
									"predicate": {
										"block": {
											"nbt": "{Items:[{Slot:0b,id:\"minecraft:ink_sac\"}]}"
										}
									}
								}
							],
							"type": "minecraft:loot_table",
							"name": "mvp:foot/unluck"
						},
						{
							"conditions": [
								{
									"condition": "minecraft:location_check",
									"predicate": {
										"block": {
											"nbt": "{Items:[{Slot:0b,id:\"minecraft:nautilus_shell\"}]}"
										}
									}
								}
							],
							"type": "minecraft:loot_table",
							"name": "mvp:foot/conduit_power"
						},
						{
							"conditions": [
								{
									"condition": "minecraft:location_check",
									"predicate": {
										"block": {
											"nbt": "{Items:[{Slot:0b,id:\"minecraft:tropical_fish\"}]}"
										}
									}
								}
							],
							"type": "minecraft:loot_table",
							"name": "mvp:foot/dolphins_grace"
						},
						{
							"conditions": [
								{
									"condition": "minecraft:location_check",
									"predicate": {
										"block": {
											"nbt": "{Items:[{Slot:0b,id:\"minecraft:black_banner\"}]}"
										}
									}
								}
							],
							"type": "minecraft:loot_table",
							"name": "mvp:foot/bad_omen"
						},
						{
							"conditions": [
								{
									"condition": "minecraft:location_check",
									"predicate": {
										"block": {
											"nbt": "{Items:[{Slot:0b,id:\"minecraft:totem_of_undying\"}]}"
										}
									}
								}
							],
							"type": "minecraft:loot_table",
							"name": "mvp:foot/hero_of_the_village"
						}
					]
				}
			]
		}
	]
}
