{
	"pools": [
		{
			"rolls": 1,
			"entries": [
				{
					"conditions": [
						{
							"condition": "minecraft:location_check",
							"predicate": {
								"block": {
									"nbt": "{Items:[{Slot:2b,id:\"minecraft:potion\"}]}"
								}
							}
						}
					],
					"type": "minecraft:alternatives",
					"children": [
						{
							"conditions": [
								{
									"condition": "minecraft:location_check",
									"predicate": {
										"block": {
											"nbt": "{Items:[{Slot:2b,tag:{id:\"mvp:haste_potion\"}}]}"
										}
									}
								}
							],
							"type": "minecraft:loot_table",
							"name": "mvp:splash_potion/haste"
						},
						{
							"conditions": [
								{
									"condition": "minecraft:location_check",
									"predicate": {
										"block": {
											"nbt": "{Items:[{Slot:2b,tag:{id:\"mvp:mining_fatigue_potion\"}}]}"
										}
									}
								}
							],
							"type": "minecraft:loot_table",
							"name": "mvp:splash_potion/mining_fatigue"
						},
						{
							"conditions": [
								{
									"condition": "minecraft:location_check",
									"predicate": {
										"block": {
											"nbt": "{Items:[{Slot:2b,tag:{id:\"mvp:nausea_potion\"}}]}"
										}
									}
								}
							],
							"type": "minecraft:loot_table",
							"name": "mvp:splash_potion/nausea"
						},
						{
							"conditions": [
								{
									"condition": "minecraft:location_check",
									"predicate": {
										"block": {
											"nbt": "{Items:[{Slot:2b,tag:{id:\"mvp:resistance_potion\"}}]}"
										}
									}
								}
							],
							"type": "minecraft:loot_table",
							"name": "mvp:splash_potion/resistance"
						},
						{
							"conditions": [
								{
									"condition": "minecraft:location_check",
									"predicate": {
										"block": {
											"nbt": "{Items:[{Slot:2b,tag:{id:\"mvp:blindness_potion\"}}]}"
										}
									}
								}
							],
							"type": "minecraft:loot_table",
							"name": "mvp:splash_potion/blindness"
						},
						{
							"conditions": [
								{
									"condition": "minecraft:location_check",
									"predicate": {
										"block": {
											"nbt": "{Items:[{Slot:2b,tag:{id:\"mvp:hunger_potion\"}}]}"
										}
									}
								}
							],
							"type": "minecraft:loot_table",
							"name": "mvp:splash_potion/hunger"
						},
						{
							"conditions": [
								{
									"condition": "minecraft:location_check",
									"predicate": {
										"block": {
											"nbt": "{Items:[{Slot:2b,tag:{id:\"mvp:wither_potion\"}}]}"
										}
									}
								}
							],
							"type": "minecraft:loot_table",
							"name": "mvp:splash_potion/wither"
						},
						{
							"conditions": [
								{
									"condition": "minecraft:location_check",
									"predicate": {
										"block": {
											"nbt": "{Items:[{Slot:2b,tag:{id:\"mvp:absorption_potion\"}}]}"
										}
									}
								}
							],
							"type": "minecraft:loot_table",
							"name": "mvp:splash_potion/absorption"
						},
						{
							"conditions": [
								{
									"condition": "minecraft:location_check",
									"predicate": {
										"block": {
											"nbt": "{Items:[{Slot:2b,tag:{id:\"mvp:glowing_potion\"}}]}"
										}
									}
								}
							],
							"type": "minecraft:loot_table",
							"name": "mvp:splash_potion/glowing"
						},
						{
							"conditions": [
								{
									"condition": "minecraft:location_check",
									"predicate": {
										"block": {
											"nbt": "{Items:[{Slot:2b,tag:{id:\"mvp:levitation_potion\"}}]}"
										}
									}
								}
							],
							"type": "minecraft:loot_table",
							"name": "mvp:splash_potion/levitation"
						},
						{
							"conditions": [
								{
									"condition": "minecraft:location_check",
									"predicate": {
										"block": {
											"nbt": "{Items:[{Slot:2b,tag:{id:\"mvp:luck_potion\"}}]}"
										}
									}
								}
							],
							"type": "minecraft:loot_table",
							"name": "mvp:splash_potion/luck"
						},
						{
							"conditions": [
								{
									"condition": "minecraft:location_check",
									"predicate": {
										"block": {
											"nbt": "{Items:[{Slot:2b,tag:{id:\"mvp:unluck_potion\"}}]}"
										}
									}
								}
							],
							"type": "minecraft:loot_table",
							"name": "mvp:splash_potion/unluck"
						},
						{
							"conditions": [
								{
									"condition": "minecraft:location_check",
									"predicate": {
										"block": {
											"nbt": "{Items:[{Slot:2b,tag:{id:\"mvp:conduit_power_potion\"}}]}"
										}
									}
								}
							],
							"type": "minecraft:loot_table",
							"name": "mvp:splash_potion/conduit_power"
						},
						{
							"conditions": [
								{
									"condition": "minecraft:location_check",
									"predicate": {
										"block": {
											"nbt": "{Items:[{Slot:2b,tag:{id:\"mvp:dolphins_grace_potion\"}}]}"
										}
									}
								}
							],
							"type": "minecraft:loot_table",
							"name": "mvp:splash_potion/dolphins_grace"
						},
						{
							"conditions": [
								{
									"condition": "minecraft:location_check",
									"predicate": {
										"block": {
											"nbt": "{Items:[{Slot:2b,tag:{id:\"mvp:bad_omen_potion\"}}]}"
										}
									}
								}
							],
							"type": "minecraft:loot_table",
							"name": "mvp:splash_potion/bad_omen"
						},
						{
							"conditions": [
								{
									"condition": "minecraft:location_check",
									"predicate": {
										"block": {
											"nbt": "{Items:[{Slot:2b,tag:{id:\"mvp:hero_of_the_village_potion\"}}]}"
										}
									}
								}
							],
							"type": "minecraft:loot_table",
							"name": "mvp:splash_potion/hero_of_the_village"
						}
					]
				}
			]
		}
	]
}
