{
	"pools": [
		{
			"rolls": 1,
			"entries": [
				{
					"type": "minecraft:alternatives",
					"children": [
{"type": "minecraft:item","name": "minecraft:structure_void","conditions":[{"condition": "minecraft:location_check","predicate": {"biome": "minecraft:ocean"}}],"functions": [{"function": "minecraft:set_nbt", "tag": "{BiomeNoId:0}"}]},
{"type": "minecraft:item","name": "minecraft:structure_void","conditions":[{"condition": "minecraft:location_check","predicate": {"biome": "minecraft:plains"}}],"functions": [{"function": "minecraft:set_nbt", "tag": "{BiomeNoId:1}"}]},
{"type": "minecraft:item","name": "minecraft:structure_void","conditions":[{"condition": "minecraft:location_check","predicate": {"biome": "minecraft:desert"}}],"functions": [{"function": "minecraft:set_nbt", "tag": "{BiomeNoId:2}"}]},
{"type": "minecraft:item","name": "minecraft:structure_void","conditions":[{"condition": "minecraft:location_check","predicate": {"biome": "minecraft:mountains"}}],"functions": [{"function": "minecraft:set_nbt", "tag": "{BiomeNoId:3}"}]},
{"type": "minecraft:item","name": "minecraft:structure_void","conditions":[{"condition": "minecraft:location_check","predicate": {"biome": "minecraft:forest"}}],"functions": [{"function": "minecraft:set_nbt", "tag": "{BiomeNoId:4}"}]},
{"type": "minecraft:item","name": "minecraft:structure_void","conditions":[{"condition": "minecraft:location_check","predicate": {"biome": "minecraft:taiga"}}],"functions": [{"function": "minecraft:set_nbt", "tag": "{BiomeNoId:5}"}]},
{"type": "minecraft:item","name": "minecraft:structure_void","conditions":[{"condition": "minecraft:location_check","predicate": {"biome": "minecraft:swamp"}}],"functions": [{"function": "minecraft:set_nbt", "tag": "{BiomeNoId:6}"}]},
{"type": "minecraft:item","name": "minecraft:structure_void","conditions":[{"condition": "minecraft:location_check","predicate": {"biome": "minecraft:river"}}],"functions": [{"function": "minecraft:set_nbt", "tag": "{BiomeNoId:7}"}]},
{"type": "minecraft:item","name": "minecraft:structure_void","conditions":[{"condition": "minecraft:location_check","predicate": {"biome": "minecraft:nether"}}],"functions": [{"function": "minecraft:set_nbt", "tag": "{BiomeNoId:8}"}]},
{"type": "minecraft:item","name": "minecraft:structure_void","conditions":[{"condition": "minecraft:location_check","predicate": {"biome": "minecraft:the_end"}}],"functions": [{"function": "minecraft:set_nbt", "tag": "{BiomeNoId:9}"}]},
{"type": "minecraft:item","name": "minecraft:structure_void","conditions":[{"condition": "minecraft:location_check","predicate": {"biome": "minecraft:frozen_ocean"}}],"functions": [{"function": "minecraft:set_nbt", "tag": "{BiomeNoId:10}"}]},
{"type": "minecraft:item","name": "minecraft:structure_void","conditions":[{"condition": "minecraft:location_check","predicate": {"biome": "minecraft:frozen_river"}}],"functions": [{"function": "minecraft:set_nbt", "tag": "{BiomeNoId:11}"}]},
{"type": "minecraft:item","name": "minecraft:structure_void","conditions":[{"condition": "minecraft:location_check","predicate": {"biome": "minecraft:snowy_tundra"}}],"functions": [{"function": "minecraft:set_nbt", "tag": "{BiomeNoId:12}"}]},
{"type": "minecraft:item","name": "minecraft:structure_void","conditions":[{"condition": "minecraft:location_check","predicate": {"biome": "minecraft:snowy_mountains"}}],"functions": [{"function": "minecraft:set_nbt", "tag": "{BiomeNoId:13}"}]},
{"type": "minecraft:item","name": "minecraft:structure_void","conditions":[{"condition": "minecraft:location_check","predicate": {"biome": "minecraft:mushroom_fields"}}],"functions": [{"function": "minecraft:set_nbt", "tag": "{BiomeNoId:14}"}]},
{"type": "minecraft:item","name": "minecraft:structure_void","conditions":[{"condition": "minecraft:location_check","predicate": {"biome": "minecraft:mushroom_field_shore"}}],"functions": [{"function": "minecraft:set_nbt", "tag": "{BiomeNoId:15}"}]},
{"type": "minecraft:item","name": "minecraft:structure_void","conditions":[{"condition": "minecraft:location_check","predicate": {"biome": "minecraft:beach"}}],"functions": [{"function": "minecraft:set_nbt", "tag": "{BiomeNoId:16}"}]},
{"type": "minecraft:item","name": "minecraft:structure_void","conditions":[{"condition": "minecraft:location_check","predicate": {"biome": "minecraft:desert_hills"}}],"functions": [{"function": "minecraft:set_nbt", "tag": "{BiomeNoId:17}"}]},
{"type": "minecraft:item","name": "minecraft:structure_void","conditions":[{"condition": "minecraft:location_check","predicate": {"biome": "minecraft:wooded_hills"}}],"functions": [{"function": "minecraft:set_nbt", "tag": "{BiomeNoId:18}"}]},
{"type": "minecraft:item","name": "minecraft:structure_void","conditions":[{"condition": "minecraft:location_check","predicate": {"biome": "minecraft:taiga_hills"}}],"functions": [{"function": "minecraft:set_nbt", "tag": "{BiomeNoId:19}"}]},
{"type": "minecraft:item","name": "minecraft:structure_void","conditions":[{"condition": "minecraft:location_check","predicate": {"biome": "minecraft:mountain_edge"}}],"functions": [{"function": "minecraft:set_nbt", "tag": "{BiomeNoId:20}"}]},
{"type": "minecraft:item","name": "minecraft:structure_void","conditions":[{"condition": "minecraft:location_check","predicate": {"biome": "minecraft:jungle"}}],"functions": [{"function": "minecraft:set_nbt", "tag": "{BiomeNoId:21}"}]},
{"type": "minecraft:item","name": "minecraft:structure_void","conditions":[{"condition": "minecraft:location_check","predicate": {"biome": "minecraft:jungle_hills"}}],"functions": [{"function": "minecraft:set_nbt", "tag": "{BiomeNoId:22}"}]},
{"type": "minecraft:item","name": "minecraft:structure_void","conditions":[{"condition": "minecraft:location_check","predicate": {"biome": "minecraft:jungle_edge"}}],"functions": [{"function": "minecraft:set_nbt", "tag": "{BiomeNoId:23}"}]},
{"type": "minecraft:item","name": "minecraft:structure_void","conditions":[{"condition": "minecraft:location_check","predicate": {"biome": "minecraft:deep_ocean"}}],"functions": [{"function": "minecraft:set_nbt", "tag": "{BiomeNoId:24}"}]},
{"type": "minecraft:item","name": "minecraft:structure_void","conditions":[{"condition": "minecraft:location_check","predicate": {"biome": "minecraft:stone_shore"}}],"functions": [{"function": "minecraft:set_nbt", "tag": "{BiomeNoId:25}"}]},
{"type": "minecraft:item","name": "minecraft:structure_void","conditions":[{"condition": "minecraft:location_check","predicate": {"biome": "minecraft:snowy_beach"}}],"functions": [{"function": "minecraft:set_nbt", "tag": "{BiomeNoId:26}"}]},
{"type": "minecraft:item","name": "minecraft:structure_void","conditions":[{"condition": "minecraft:location_check","predicate": {"biome": "minecraft:birch_forest"}}],"functions": [{"function": "minecraft:set_nbt", "tag": "{BiomeNoId:27}"}]},
{"type": "minecraft:item","name": "minecraft:structure_void","conditions":[{"condition": "minecraft:location_check","predicate": {"biome": "minecraft:birch_forest_hills"}}],"functions": [{"function": "minecraft:set_nbt", "tag": "{BiomeNoId:28}"}]},
{"type": "minecraft:item","name": "minecraft:structure_void","conditions":[{"condition": "minecraft:location_check","predicate": {"biome": "minecraft:dark_forest"}}],"functions": [{"function": "minecraft:set_nbt", "tag": "{BiomeNoId:29}"}]},
{"type": "minecraft:item","name": "minecraft:structure_void","conditions":[{"condition": "minecraft:location_check","predicate": {"biome": "minecraft:snowy_taiga"}}],"functions": [{"function": "minecraft:set_nbt", "tag": "{BiomeNoId:30}"}]},
{"type": "minecraft:item","name": "minecraft:structure_void","conditions":[{"condition": "minecraft:location_check","predicate": {"biome": "minecraft:snowy_taiga_hills"}}],"functions": [{"function": "minecraft:set_nbt", "tag": "{BiomeNoId:31}"}]},
{"type": "minecraft:item","name": "minecraft:structure_void","conditions":[{"condition": "minecraft:location_check","predicate": {"biome": "minecraft:giant_tree_taiga"}}],"functions": [{"function": "minecraft:set_nbt", "tag": "{BiomeNoId:32}"}]},
{"type": "minecraft:item","name": "minecraft:structure_void","conditions":[{"condition": "minecraft:location_check","predicate": {"biome": "minecraft:giant_tree_taiga_hills"}}],"functions": [{"function": "minecraft:set_nbt", "tag": "{BiomeNoId:33}"}]},
{"type": "minecraft:item","name": "minecraft:structure_void","conditions":[{"condition": "minecraft:location_check","predicate": {"biome": "minecraft:wooded_mountains"}}],"functions": [{"function": "minecraft:set_nbt", "tag": "{BiomeNoId:34}"}]},
{"type": "minecraft:item","name": "minecraft:structure_void","conditions":[{"condition": "minecraft:location_check","predicate": {"biome": "minecraft:savanna"}}],"functions": [{"function": "minecraft:set_nbt", "tag": "{BiomeNoId:35}"}]},
{"type": "minecraft:item","name": "minecraft:structure_void","conditions":[{"condition": "minecraft:location_check","predicate": {"biome": "minecraft:savanna_plateau"}}],"functions": [{"function": "minecraft:set_nbt", "tag": "{BiomeNoId:36}"}]},
{"type": "minecraft:item","name": "minecraft:structure_void","conditions":[{"condition": "minecraft:location_check","predicate": {"biome": "minecraft:badlands"}}],"functions": [{"function": "minecraft:set_nbt", "tag": "{BiomeNoId:37}"}]},
{"type": "minecraft:item","name": "minecraft:structure_void","conditions":[{"condition": "minecraft:location_check","predicate": {"biome": "minecraft:wooded_badlands_plateau"}}],"functions": [{"function": "minecraft:set_nbt", "tag": "{BiomeNoId:38}"}]},
{"type": "minecraft:item","name": "minecraft:structure_void","conditions":[{"condition": "minecraft:location_check","predicate": {"biome": "minecraft:badlands_plateau"}}],"functions": [{"function": "minecraft:set_nbt", "tag": "{BiomeNoId:39}"}]},
{"type": "minecraft:item","name": "minecraft:structure_void","conditions":[{"condition": "minecraft:location_check","predicate": {"biome": "minecraft:small_end_islands"}}],"functions": [{"function": "minecraft:set_nbt", "tag": "{BiomeNoId:40}"}]},
{"type": "minecraft:item","name": "minecraft:structure_void","conditions":[{"condition": "minecraft:location_check","predicate": {"biome": "minecraft:end_midlands"}}],"functions": [{"function": "minecraft:set_nbt", "tag": "{BiomeNoId:41}"}]},
{"type": "minecraft:item","name": "minecraft:structure_void","conditions":[{"condition": "minecraft:location_check","predicate": {"biome": "minecraft:end_highlands"}}],"functions": [{"function": "minecraft:set_nbt", "tag": "{BiomeNoId:42}"}]},
{"type": "minecraft:item","name": "minecraft:structure_void","conditions":[{"condition": "minecraft:location_check","predicate": {"biome": "minecraft:end_barrens"}}],"functions": [{"function": "minecraft:set_nbt", "tag": "{BiomeNoId:43}"}]},
{"type": "minecraft:item","name": "minecraft:structure_void","conditions":[{"condition": "minecraft:location_check","predicate": {"biome": "minecraft:warm_ocean"}}],"functions": [{"function": "minecraft:set_nbt", "tag": "{BiomeNoId:44}"}]},
{"type": "minecraft:item","name": "minecraft:structure_void","conditions":[{"condition": "minecraft:location_check","predicate": {"biome": "minecraft:lukewarm_ocean"}}],"functions": [{"function": "minecraft:set_nbt", "tag": "{BiomeNoId:45}"}]},
{"type": "minecraft:item","name": "minecraft:structure_void","conditions":[{"condition": "minecraft:location_check","predicate": {"biome": "minecraft:cold_ocean"}}],"functions": [{"function": "minecraft:set_nbt", "tag": "{BiomeNoId:46}"}]},
{"type": "minecraft:item","name": "minecraft:structure_void","conditions":[{"condition": "minecraft:location_check","predicate": {"biome": "minecraft:deep_warm_ocean"}}],"functions": [{"function": "minecraft:set_nbt", "tag": "{BiomeNoId:47}"}]},
{"type": "minecraft:item","name": "minecraft:structure_void","conditions":[{"condition": "minecraft:location_check","predicate": {"biome": "minecraft:deep_lukewarm_ocean"}}],"functions": [{"function": "minecraft:set_nbt", "tag": "{BiomeNoId:48}"}]},
{"type": "minecraft:item","name": "minecraft:structure_void","conditions":[{"condition": "minecraft:location_check","predicate": {"biome": "minecraft:deep_cold_ocean"}}],"functions": [{"function": "minecraft:set_nbt", "tag": "{BiomeNoId:49}"}]},
{"type": "minecraft:item","name": "minecraft:structure_void","conditions":[{"condition": "minecraft:location_check","predicate": {"biome": "minecraft:deep_frozen_ocean"}}],"functions": [{"function": "minecraft:set_nbt", "tag": "{BiomeNoId:50}"}]},
{"type": "minecraft:item","name": "minecraft:structure_void","conditions":[{"condition": "minecraft:location_check","predicate": {"biome": "minecraft:the_void"}}],"functions": [{"function": "minecraft:set_nbt", "tag": "{BiomeNoId:127}"}]},
{"type": "minecraft:item","name": "minecraft:structure_void","conditions":[{"condition": "minecraft:location_check","predicate": {"biome": "minecraft:sunflower_plains"}}],"functions": [{"function": "minecraft:set_nbt", "tag": "{BiomeNoId:129}"}]},
{"type": "minecraft:item","name": "minecraft:structure_void","conditions":[{"condition": "minecraft:location_check","predicate": {"biome": "minecraft:desert_lakes"}}],"functions": [{"function": "minecraft:set_nbt", "tag": "{BiomeNoId:130}"}]},
{"type": "minecraft:item","name": "minecraft:structure_void","conditions":[{"condition": "minecraft:location_check","predicate": {"biome": "minecraft:gravelly_mountains"}}],"functions": [{"function": "minecraft:set_nbt", "tag": "{BiomeNoId:131}"}]},
{"type": "minecraft:item","name": "minecraft:structure_void","conditions":[{"condition": "minecraft:location_check","predicate": {"biome": "minecraft:flower_forest"}}],"functions": [{"function": "minecraft:set_nbt", "tag": "{BiomeNoId:132}"}]},
{"type": "minecraft:item","name": "minecraft:structure_void","conditions":[{"condition": "minecraft:location_check","predicate": {"biome": "minecraft:taiga_mountains"}}],"functions": [{"function": "minecraft:set_nbt", "tag": "{BiomeNoId:133}"}]},
{"type": "minecraft:item","name": "minecraft:structure_void","conditions":[{"condition": "minecraft:location_check","predicate": {"biome": "minecraft:swamp_hills"}}],"functions": [{"function": "minecraft:set_nbt", "tag": "{BiomeNoId:134}"}]},
{"type": "minecraft:item","name": "minecraft:structure_void","conditions":[{"condition": "minecraft:location_check","predicate": {"biome": "minecraft:ice_spikes"}}],"functions": [{"function": "minecraft:set_nbt", "tag": "{BiomeNoId:140}"}]},
{"type": "minecraft:item","name": "minecraft:structure_void","conditions":[{"condition": "minecraft:location_check","predicate": {"biome": "minecraft:modified_jungle"}}],"functions": [{"function": "minecraft:set_nbt", "tag": "{BiomeNoId:149}"}]},
{"type": "minecraft:item","name": "minecraft:structure_void","conditions":[{"condition": "minecraft:location_check","predicate": {"biome": "minecraft:modified_jungle_edge"}}],"functions": [{"function": "minecraft:set_nbt", "tag": "{BiomeNoId:151}"}]},
{"type": "minecraft:item","name": "minecraft:structure_void","conditions":[{"condition": "minecraft:location_check","predicate": {"biome": "minecraft:tall_birch_forest"}}],"functions": [{"function": "minecraft:set_nbt", "tag": "{BiomeNoId:155}"}]},
{"type": "minecraft:item","name": "minecraft:structure_void","conditions":[{"condition": "minecraft:location_check","predicate": {"biome": "minecraft:tall_birch_hills"}}],"functions": [{"function": "minecraft:set_nbt", "tag": "{BiomeNoId:156}"}]},
{"type": "minecraft:item","name": "minecraft:structure_void","conditions":[{"condition": "minecraft:location_check","predicate": {"biome": "minecraft:dark_forest_hills"}}],"functions": [{"function": "minecraft:set_nbt", "tag": "{BiomeNoId:157}"}]},
{"type": "minecraft:item","name": "minecraft:structure_void","conditions":[{"condition": "minecraft:location_check","predicate": {"biome": "minecraft:snowy_taiga_mountains"}}],"functions": [{"function": "minecraft:set_nbt", "tag": "{BiomeNoId:158}"}]},
{"type": "minecraft:item","name": "minecraft:structure_void","conditions":[{"condition": "minecraft:location_check","predicate": {"biome": "minecraft:giant_spruce_taiga"}}],"functions": [{"function": "minecraft:set_nbt", "tag": "{BiomeNoId:160}"}]},
{"type": "minecraft:item","name": "minecraft:structure_void","conditions":[{"condition": "minecraft:location_check","predicate": {"biome": "minecraft:giant_spruce_taiga_hills"}}],"functions": [{"function": "minecraft:set_nbt", "tag": "{BiomeNoId:161}"}]},
{"type": "minecraft:item","name": "minecraft:structure_void","conditions":[{"condition": "minecraft:location_check","predicate": {"biome": "minecraft:modified_gravelly_mountains"}}],"functions": [{"function": "minecraft:set_nbt", "tag": "{BiomeNoId:162}"}]},
{"type": "minecraft:item","name": "minecraft:structure_void","conditions":[{"condition": "minecraft:location_check","predicate": {"biome": "minecraft:shattered_savanna"}}],"functions": [{"function": "minecraft:set_nbt", "tag": "{BiomeNoId:163}"}]},
{"type": "minecraft:item","name": "minecraft:structure_void","conditions":[{"condition": "minecraft:location_check","predicate": {"biome": "minecraft:shattered_savanna_plateau"}}],"functions": [{"function": "minecraft:set_nbt", "tag": "{BiomeNoId:164}"}]},
{"type": "minecraft:item","name": "minecraft:structure_void","conditions":[{"condition": "minecraft:location_check","predicate": {"biome": "minecraft:eroded_badlands"}}],"functions": [{"function": "minecraft:set_nbt", "tag": "{BiomeNoId:165}"}]},
{"type": "minecraft:item","name": "minecraft:structure_void","conditions":[{"condition": "minecraft:location_check","predicate": {"biome": "minecraft:modified_wooded_badlands_plateau"}}],"functions": [{"function": "minecraft:set_nbt", "tag": "{BiomeNoId:166}"}]},
{"type": "minecraft:item","name": "minecraft:structure_void","conditions":[{"condition": "minecraft:location_check","predicate": {"biome": "minecraft:modified_badlands_plateau"}}],"functions": [{"function": "minecraft:set_nbt", "tag": "{BiomeNoId:167}"}]},
{"type": "minecraft:item","name": "minecraft:structure_void","conditions":[{"condition": "minecraft:location_check","predicate": {"biome": "minecraft:bamboo_jungle"}}],"functions": [{"function": "minecraft:set_nbt", "tag": "{BiomeNoId:168}"}]},
{"type": "minecraft:item","name": "minecraft:structure_void","conditions":[{"condition": "minecraft:location_check","predicate": {"biome": "minecraft:bamboo_jungle_hills"}}],"functions": [{"function": "minecraft:set_nbt", "tag": "{BiomeNoId:169}"}]}
					]
				}
			]
		}
	]
}