{
	"pools": [
		{
			"rolls": 1,
			"entries": [
				{
					"type": "minecraft:item",
					"name": "minecraft:splash_potion",
					"functions": [
						{
							"function": "minecraft:set_nbt",
							"tag": "{dict:[\"mvpSplashPotion\"],CustomPotionColor:13565951,CustomPotionEffects:[{Id:25b,Duration:3600,Amplifier:0b}],display:{Name:'[{\"italic\":false,\"translate\":\"%1$s%3972100$s\",\"with\":[{\"text\":\"喷溅型\"}]},{\"translate\":\"effect.minecraft.levitation\"},{\"translate\":\"item.minecraft.potion\"}]'},id:\"mvp:levitation_potion\"}"
						}
					]
				}
			]
		}
	]
}