{
	"condition": "minecraft:alternative",
	"terms": [
		{
			"condition": "minecraft:location_check",
			"predicate": {
				"block": {
					"nbt": "{Items:[{Slot:0b,id:\"minecraft:gold_ingot\"}]}"
				}
			}
		},
		{
			"condition": "minecraft:location_check",
			"predicate": {
				"block": {
					"nbt": "{Items:[{Slot:0b,id:\"minecraft:prismarine_shard\"}]}"
				}
			}
		},
		{
			"condition": "minecraft:location_check",
			"predicate": {
				"block": {
					"nbt": "{Items:[{Slot:0b,id:\"minecraft:pufferfish\"}]}"
				}
			}
		},
		{
			"condition": "minecraft:location_check",
			"predicate": {
				"block": {
					"nbt": "{Items:[{Slot:0b,id:\"minecraft:diamond\"}]}"
				}
			}
		},
		{
			"condition": "minecraft:location_check",
			"predicate": {
				"block": {
					"nbt": "{Items:[{Slot:0b,id:\"minecraft:gunpowder\"}]}"
				}
			}
		},
		{
			"condition": "minecraft:location_check",
			"predicate": {
				"block": {
					"nbt": "{Items:[{Slot:0b,id:\"minecraft:rotten_flesh\"}]}"
				}
			}
		},
		{
			"condition": "minecraft:location_check",
			"predicate": {
				"block": {
					"nbt": "{Items:[{Slot:0b,id:\"minecraft:wither_rose\"}]}"
				}
			}
		},
		{
			"condition": "minecraft:location_check",
			"predicate": {
				"block": {
					"nbt": "{Items:[{Slot:0b,id:\"minecraft:golden_apple\"}]}"
				}
			}
		},
		{
			"condition": "minecraft:location_check",
			"predicate": {
				"block": {
					"nbt": "{Items:[{Slot:0b,id:\"minecraft:glowstone_dust\"}]}"
				}
			}
		},
		{
			"condition": "minecraft:location_check",
			"predicate": {
				"block": {
					"nbt": "{Items:[{Slot:0b,id:\"minecraft:shulker_shell\"}]}"
				}
			}
		},
		{
			"condition": "minecraft:location_check",
			"predicate": {
				"block": {
					"nbt": "{Items:[{Slot:0b,id:\"minecraft:oxeye_daisy\"}]}"
				}
			}
		},
		{
			"condition": "minecraft:location_check",
			"predicate": {
				"block": {
					"nbt": "{Items:[{Slot:0b,id:\"minecraft:ink_sac\"}]}"
				}
			}
		},
		{
			"condition": "minecraft:location_check",
			"predicate": {
				"block": {
					"nbt": "{Items:[{Slot:0b,id:\"minecraft:nautilus_shell\"}]}"
				}
			}
		},
		{
			"condition": "minecraft:location_check",
			"predicate": {
				"block": {
					"nbt": "{Items:[{Slot:0b,id:\"minecraft:tropical_fish\"}]}"
				}
			}
		},
		{
			"condition": "minecraft:location_check",
			"predicate": {
				"block": {
					"nbt": "{Items:[{Slot:0b,id:\"minecraft:black_banner\"}]}"
				}
			}
		},
		{
			"condition": "minecraft:location_check",
			"predicate": {
				"block": {
					"nbt": "{Items:[{Slot:0b,id:\"minecraft:totem_of_undying\"}]}"
				}
			}
		}
	]
}
