{
	"condition": "minecraft:alternative",
	"terms": [
		{
			"condition": "minecraft:inverted",
			"term": {
				"condition": "minecraft:alternative",
				"terms": [
					{
						"condition": "minecraft:inverted",
						"term": {
							"condition": "minecraft:reference",
							"name": "mvp:smelt1"
						}
					},
					{
						"condition": "minecraft:location_check",
						"predicate": {
							"block": {
								"nbt": "{Items:[{Slot:2b}]}"
							}
						}
					}						
				]
			}
		},
		{
			"condition": "minecraft:location_check",
			"predicate": {
				"block": {
					"nbt": "{Items:[{Slot:0b,id:\"minecraft:gold_ingot\"},{Slot:2b,tag:{id:\"mvp:haste_foot\"}}]}"
				}
			}
		},
		{
			"condition": "minecraft:location_check",
			"predicate": {
				"block": {
					"nbt": "{Items:[{Slot:0b,id:\"minecraft:gold_ingot\"},{Slot:2b,tag:{id:\"mvp:haste_foot\"}}]}"
				}
			}
		},
		{
			"condition": "minecraft:location_check",
			"predicate": {
				"block": {
					"nbt": "{Items:[{Slot:0b,id:\"minecraft:prismarine_shard\"},{Slot:2b,tag:{id:\"mvp:mining_fatigue_foot\"}}]}"
				}
			}
		},
		{
			"condition": "minecraft:location_check",
			"predicate": {
				"block": {
					"nbt": "{Items:[{Slot:0b,id:\"minecraft:pufferfish\"},{Slot:2b,tag:{id:\"mvp:nausea_foot\"}}]}"
				}
			}
		},
		{
			"condition": "minecraft:location_check",
			"predicate": {
				"block": {
					"nbt": "{Items:[{Slot:0b,id:\"minecraft:diamond\"},{Slot:2b,tag:{id:\"mvp:resistance_foot\"}}]}"
				}
			}
		},
		{
			"condition": "minecraft:location_check",
			"predicate": {
				"block": {
					"nbt": "{Items:[{Slot:0b,id:\"minecraft:gunpowder\"},{Slot:2b,tag:{id:\"mvp:blindness_foot\"}}]}"
				}
			}
		},
		{
			"condition": "minecraft:location_check",
			"predicate": {
				"block": {
					"nbt": "{Items:[{Slot:0b,id:\"minecraft:rotten_flesh\"},{Slot:2b,tag:{id:\"mvp:hunger_foot\"}}]}"
				}
			}
		},
		{
			"condition": "minecraft:location_check",
			"predicate": {
				"block": {
					"nbt": "{Items:[{Slot:0b,id:\"minecraft:wither_rose\"},{Slot:2b,tag:{id:\"mvp:wither_foot\"}}]}"
				}
			}
		},
		{
			"condition": "minecraft:location_check",
			"predicate": {
				"block": {
					"nbt": "{Items:[{Slot:0b,id:\"minecraft:golden_apple\"},{Slot:2b,tag:{id:\"mvp:absorption_foot\"}}]}"
				}
			}
		},
		{
			"condition": "minecraft:location_check",
			"predicate": {
				"block": {
					"nbt": "{Items:[{Slot:0b,id:\"minecraft:glowstone_dust\"},{Slot:2b,tag:{id:\"mvp:glowing_foot\"}}]}"
				}
			}
		},
		{
			"condition": "minecraft:location_check",
			"predicate": {
				"block": {
					"nbt": "{Items:[{Slot:0b,id:\"minecraft:shulker_shell\"},{Slot:2b,tag:{id:\"mvp:levitation_foot\"}}]}"
				}
			}
		},
		{
			"condition": "minecraft:location_check",
			"predicate": {
				"block": {
					"nbt": "{Items:[{Slot:0b,id:\"minecraft:oxeye_daisy\"},{Slot:2b,tag:{id:\"mvp:luck_foot\"}}]}"
				}
			}
		},
		{
			"condition": "minecraft:location_check",
			"predicate": {
				"block": {
					"nbt": "{Items:[{Slot:0b,id:\"minecraft:ink_sac\"},{Slot:2b,tag:{id:\"mvp:unluck_foot\"}}]}"
				}
			}
		},
		{
			"condition": "minecraft:location_check",
			"predicate": {
				"block": {
					"nbt": "{Items:[{Slot:0b,id:\"minecraft:nautilus_shell\"},{Slot:2b,tag:{id:\"mvp:conduit_power_foot\"}}]}"
				}
			}
		},
		{
			"condition": "minecraft:location_check",
			"predicate": {
				"block": {
					"nbt": "{Items:[{Slot:0b,id:\"minecraft:tropical_fish\"},{Slot:2b,tag:{id:\"mvp:dolphins_grace_foot\"}}]}"
				}
			}
		},
		{
			"condition": "minecraft:location_check",
			"predicate": {
				"block": {
					"nbt": "{Items:[{Slot:0b,id:\"minecraft:black_banner\"},{Slot:2b,tag:{id:\"mvp:bad_omen_foot\"}}]}"
				}
			}
		},
		{
			"condition": "minecraft:location_check",
			"predicate": {
				"block": {
					"nbt": "{Items:[{Slot:0b,id:\"minecraft:totem_of_undying\"},{Slot:2b,tag:{id:\"mvp:hero_of_the_village\"}}]}"
				}
			}
		}
	]
}
