{
	"pools": [
		{
			"rolls": 1,
			"entries": [
				{
					"type": "item",
					"name": "minecraft:carrot_on_a_stick",
					"functions": [
						{
							"function": "set_nbt",
							"tag": "{display:{Name:\"{\\\"translate\\\":\\\"item.north_compass.north_compass\\\"}\"},id:\"north_compass:north_compass\",CustomModelData:10870000,dict:[\"north_compass\"],compassTarget:[0.0d,-1000000.0d],HideFlags:63}"
						},
						{
							"function": "set_attributes",
							"modifiers": [
								{
									"name": "mainhand_attackSpeed",
									"attribute": "generic.attackSpeed",
									"operation": "addition",
									"amount": -4,
									"slot": "mainhand"
								},
								{
									"name": "mainhand_attackSpeed",
									"attribute": "generic.attackSpeed",
									"operation": "addition",
									"amount": -4,
									"slot": "offhand"
								}
							]
						}
					]
				}
			]
		}
	]
}