{
	"providers": [
		{
			"type": "bitmap",
			"file": "minecraft:font/emoji.png",
			"height": 12,
			"ascent": 9,
			"chars": [
				"\uf000\uf001\uf002\uf003\uf004\uf005\uf006\uf007\uf008\uf009\uf00a\uf00b\uf00c\uf00d\uf00e\uf00f",
				"\uf010\uf011\uf012\uf013\uf014\uf015\uf016\uf017\uf018\uf019\uf01a\uf01b\uf01c\uf01d\uf01e\uf01f",
				"\uf020\uf021\uf022\uf023\uf024\uf025\uf026\uf027\uf028\uf029\uf02a\uf02b\uf02c\uf02d\uf02e\uf02f",
				"\uf030\uf031\uf032\uf033\uf034\uf035\uf036\uf037\uf038\uf039\uf03a\uf03b\uf03c\uf03d\uf03e\uf03f",
				"\uf040\uf041\uf042\uf043\uf044\uf045\uf046\uf047\uf048\uf049\uf04a\uf04b\uf04c\uf04d\uf04e\uf04f",
				"\uf050\uf051\uf052\uf053\uf054\uf055\uf056\uf057\uf058\uf059\uf05a\uf05b\uf05c\uf05d\uf05e\uf05f",
				"\uf060\uf061\uf062\uf063\uf064\uf065\uf066\uf067\uf068\uf069\uf06a\uf06b\uf06c\uf06d\uf06e\uf06f",
				"\uf070\uf071\uf072\uf073\uf074\uf075\uf076\uf077\uf078\uf079\uf07a\uf07b\uf07c\uf07d\uf07e\uf07f",
				"\uf080\uf081\uf082\uf083\uf084\uf085\uf086\uf087\uf088\uf089\uf08a\uf08b\uf08c\uf08d\uf08e\uf08f",
				"\uf090\uf091\uf092\uf093\uf094\uf095\uf096\uf097\uf098\uf099\uf09a\uf09b\uf09c\uf09d\uf09e\uf09f",
				"\uf0a0\uf0a1\uf0a2\uf0a3\uf0a4\uf0a5\uf0a6\uf0a7\uf0a8\uf0a9\uf0aa\uf0ab\uf0ac\uf0ad\uf0ae\uf0af",
				"\uf0b0\uf0b1\uf0b2\uf0b3\uf0b4\uf0b5\uf0b6\uf0b7\uf0b8\uf0b9\uf0ba\uf0bb\uf0bc\uf0bd\uf0be\uf0bf",
				"\uf0c0\uf0c1\uf0c2\uf0c3\uf0c4\uf0c5\uf0c6\uf0c7\uf0c8\uf0c9\uf0ca\uf0cb\uf0cc\uf0cd\uf0ce\uf0cf",
				"\uf0d0\uf0d1\uf0d2\uf0d3\uf0d4\uf0d5\uf0d6\uf0d7\uf0d8\uf0d9\uf0da\uf0db\uf0dc\uf0dd\uf0de\uf0df",
				"\uf0e0\uf0e1\uf0e2\uf0e3\uf0e4\uf0e5\uf0e6\uf0e7\uf0e8\uf0e9\uf0ea\uf0eb\uf0ec\uf0ed\uf0ee\uf0ef"
			]
		}
	]
}