{
	"pools": [
		{
			"rolls": 1,
			"entries": [
				{
					"type": "minecraft:item",
					"name": "minecraft:lingering_potion",
					"functions": [
						{
							"function": "minecraft:set_nbt",
							"tag": "{dict:[\"mvpLingeringPotion\"],CustomPotionColor:2039587,CustomPotionEffects:[{Id:15b,Duration:3600,Amplifier:0b}],display:{Name:'[{\"italic\":false,\"translate\":\"%1$s%3972200$s\",\"with\":[{\"text\":\"滞留型\"}]},{\"translate\":\"effect.minecraft.blindness\"},{\"translate\":\"item.minecraft.potion\"}]'},id:\"mvp:blindness_potion\"}"
						}
					]
				}
			]
		}
	]
}