{
	"pools": [
		{
			"rolls": 1,
			"entries": [
				{
					"type": "minecraft:item",
					"name": "minecraft:tnt",
					"functions": [
						{
							"function": "minecraft:set_attributes",
							"modifiers": [
								{
									"slot": "legs",
									"name": "1",
									"attribute": "generic.luck",
									"operation": "addition",
									"amount": {
										"type": "uniform",
										"min": 0,
										"max": {
											"type": "minecraft:score",
											"target": {
												"type": "minecraft:fixed",
												"name": "#random_max"
											},
											"score": "random_block"
										}
									}
								}
							]
						}
					]
				}
			]
		}
	]
}