{
	"pools": [
		{
			"rolls": 1,
			"entries": [
				{
					"type": "minecraft:item",
					"name": "minecraft:potion",
					"functions": [
						{
							"function": "minecraft:set_nbt",
							"tag": "{dict:[\"mvpPotion\"],CustomPotionColor:4521796,CustomPotionEffects:[{Id:32b,Duration:3600,Amplifier:0b}],display:{Name:'[{\"italic\":false,\"translate\":\"effect.minecraft.hero_of_the_village\"},{\"translate\":\"item.minecraft.potion\"}]'},id:\"mvp:hero_of_the_village_potion\"}"
						}
					]
				}
			]
		}
	]
}