{
	"pools": [
		{
			"rolls": 1,
			"entries": [
				{
					"type": "minecraft:item",
					"name": "minecraft:potion",
					"functions": [
						{
							"function": "minecraft:set_nbt",
							"tag": "{dict:[\"mvpPotion\"],CustomPotionColor:10044730,CustomPotionEffects:[{Id:11b,Duration:3600,Amplifier:0b}],display:{Name:'[{\"italic\":false,\"translate\":\"effect.minecraft.resistance\"},{\"translate\":\"item.minecraft.potion\"}]'},id:\"mvp:resistance_potion\"}"
						}
					]
				}
			]
		}
	]
}