{
	"pools": [
		{
			"rolls": 1,
			"entries": [
				{
					"type": "minecraft:alternatives",
					"children": [
						{
							"conditions":[
								{
									"condition": "minecraft:alternative",
									"terms":[
									{"condition": "minecraft:location_check","predicate": {"biome": "minecraft:snowy_taiga"}},
									{"condition": "minecraft:location_check","predicate": {"biome": "minecraft:snowy_taiga_hills"}},
									{"condition": "minecraft:location_check","predicate": {"biome": "minecraft:snowy_taiga_mountains"}},
									{"condition": "minecraft:location_check","predicate": {"biome": "minecraft:frozen_ocean"}},
									{"condition": "minecraft:location_check","predicate": {"biome": "minecraft:frozen_river"}},
									{"condition": "minecraft:location_check","predicate": {"biome": "minecraft:snowy_tundra"}},
									{"condition": "minecraft:location_check","predicate": {"biome": "minecraft:snowy_mountains"}},
									{"condition": "minecraft:location_check","predicate": {"biome": "minecraft:snowy_beach"}},
									{"condition": "minecraft:location_check","predicate": {"biome": "minecraft:ice_spikes"}}
									]
								}								
							],
							"type": "minecraft:item",
							"name": "minecraft:structure_void",
							"functions": [
								{
									"function": "minecraft:set_nbt", "tag": "{isSnowMarker:1b,height:0}"
								}
							]
						},
						{
							"conditions":[
								{
									"condition": "minecraft:alternative",
									"terms":[
									{"condition": "minecraft:location_check","predicate": {"biome": "minecraft:mountains"}},
									{"condition": "minecraft:location_check","predicate": {"biome": "minecraft:stone_shore"}},
									{"condition": "minecraft:location_check","predicate": {"biome": "minecraft:wooded_mountains"}},
									{"condition": "minecraft:location_check","predicate": {"biome": "minecraft:gravelly_mountains"}},
									{"condition": "minecraft:location_check","predicate": {"biome": "minecraft:modified_gravelly_mountains"}}
									]
								}								
							],
							"type": "minecraft:item",
							"name": "minecraft:structure_void",
							"functions": [
								{
									"function": "minecraft:set_nbt", "tag": "{isSnowMarker:1b,height:95}"
								}
							]
						},
						{
							"conditions":[
								{
									"condition": "minecraft:alternative",
									"terms":[
									{"condition": "minecraft:location_check","predicate": {"biome": "minecraft:taiga"}},
									{"condition": "minecraft:location_check","predicate": {"biome": "minecraft:taiga_mountains"}},
									{"condition": "minecraft:location_check","predicate": {"biome": "minecraft:giant_spruce_taiga"}}
									]
								}								
							],
							"type": "minecraft:item",
							"name": "minecraft:structure_void",
							"functions": [
								{
									"function": "minecraft:set_nbt", "tag": "{isSnowMarker:1b,height:125}"
								}
							]
						},
						{
							"conditions":[
								{
									"condition": "minecraft:alternative",
									"terms":[
									{"condition": "minecraft:location_check","predicate": {"biome": "minecraft:giant_tree_taiga"}}
									]
								}								
							],
							"type": "minecraft:item",
							"name": "minecraft:structure_void",
							"functions": [
								{
									"function": "minecraft:set_nbt", "tag": "{isSnowMarker:1b,height:155}"
								}
							]
						}
					]
				}
			]
		}
	]
}